setup_id,raw_r,net_r_conservative_cost
vsp-setup-7701a8bdcb0854d38c85,-1.0,-1.1
vsp-setup-316042efe25fae68cd77,,
vsp-setup-68f0af60674f8c8f1323,,
vsp-setup-e6fe595737494a2f0285,,
vsp-setup-ca8ce68761bbdc59e5a0,,
vsp-setup-f2d77c27426ed8780422,,
vsp-setup-32a29fceadca6fb3aae0,,
vsp-setup-5fcf8ccbb96e74efae2c,,
vsp-setup-90c6be79b7a501c88974,-1.0,-1.1
vsp-setup-cd8735a6d54e60457d14,,
vsp-setup-14fbf7635b7952bc14d6,,
vsp-setup-4b2e448fdf873c4f5b3c,,
vsp-setup-8b1a6645a7ab7deb2901,,
vsp-setup-4e8c36e4999e278cdada,,
vsp-setup-8fd022dce3044ac4f25a,,
vsp-setup-f13b77e516e50c590cdc,,
vsp-setup-147c42d1dedcf750ce19,-1.0,-1.1
vsp-setup-b2ca75d65986a92ce026,,
vsp-setup-905194739da8c106a166,-1.0,-1.1
vsp-setup-e642bf893d87a7fd05d2,,
vsp-setup-5ed72e022eb0d5a71ab5,,
vsp-setup-50638d676a1c87fc9a43,,
vsp-setup-b65d23774902823f7e7c,,
vsp-setup-ea3fcae31e8b9236e121,2.2637848918502232,2.163784891850223
vsp-setup-9ae863671290b46baf9d,1.621993172406216,1.521993172406216
vsp-setup-3239cd125c6f81e37f2c,,
vsp-setup-4c29020c0044f47b02c0,,
vsp-setup-456cbe78adbfac8e679d,2.373979858726974,2.2739798587269737
vsp-setup-f76875f1f37f3cc65d07,-1.0,-1.1
vsp-setup-983e95b57f39bf84a5a3,,
vsp-setup-5c51366b3c504aafae3d,,
vsp-setup-13e7b5324fb37d2178ba,1.8263756221260983,1.7263756221260982
vsp-setup-6c90a471cf935e04dc59,,
vsp-setup-93af5834df217df513ec,,
vsp-setup-f7666962323f7e8fbf9e,,
vsp-setup-2709a5a87853c5c1855b,-1.0,-1.1
vsp-setup-a13b29edd44483e96171,,
vsp-setup-3ab3bcc2eefbb919509d,-1.0,-1.1
vsp-setup-f24bb0a600682b02ff2f,1.8968705748161265,1.7968705748161264
vsp-setup-f0129ceb07239009e1ca,2.107522388107838,2.007522388107838
vsp-setup-68ae3960fcde5afb9f0e,,
vsp-setup-1b4574ea1790c7f74973,2.0488990937771994,1.9488990937771993
vsp-setup-2990a20dbf7e4a76eec6,,
vsp-setup-d0d153e1829d6b6a66c9,1.617707196434848,1.5177071964348479
vsp-setup-6ee8d9109c7f6ca146a0,,
vsp-setup-0d848391f04e193ed943,,
vsp-setup-914d5d468b68d5816f6d,-1.0,-1.1
vsp-setup-fa1e399a414e2de380a3,-1.0,-1.1
vsp-setup-c37a934791158bb2e734,-1.0,-1.1
vsp-setup-c0b34e675614590d8f1d,,
vsp-setup-b677d61006491804b83d,,
vsp-setup-fdd752ea762d2217a664,,
vsp-setup-484dfb0a4748f364c48e,3.579688953315022,3.479688953315022
vsp-setup-3fc12ab52c0f3601f572,-1.0,-1.1
vsp-setup-53f8f0e659d17dafafe8,,
vsp-setup-5df9c5d94f56d4b461e2,,
vsp-setup-866b77c4fb356b52490f,2.7418912621138927,2.6418912621138926
vsp-setup-ac3459abe706de93e0d8,,
vsp-setup-bfdf58d769923e6cb076,,
vsp-setup-7e39c7cf06e95ea08b2d,3.4004114564097754,3.3004114564097753
vsp-setup-a04eaaa27ba2b3dc385c,-1.0,-1.1
vsp-setup-943d7dbedf41098bb354,,
vsp-setup-bf7291b5a2ca98ba974e,1.647434837723841,1.547434837723841
vsp-setup-40c8fa305cae97e80530,,
vsp-setup-4a82b6ace3c84580c0ec,2.085113888703694,1.9851138887036939
vsp-setup-44ee42ccfdba836e0edc,,
vsp-setup-d6ce43fd45561dcb8f23,-1.0,-1.1
vsp-setup-cce890ce7c940f27ac0c,2.529588510879173,2.429588510879173
vsp-setup-be654a76348d1bdd2027,,
vsp-setup-cfe54437f4b023d404bb,,
vsp-setup-427528e13f8213a83a27,-1.0,-1.1
vsp-setup-aba42129b1acf6628d69,-1.0,-1.1
vsp-setup-2bd914397519323e028c,-1.0,-1.1
vsp-setup-59fc23a4456241ba9cd9,,
vsp-setup-9a0acad4a0af5470cbd3,,
vsp-setup-53117637f6d054eb3601,-1.0,-1.1
vsp-setup-48879ed80cb8bf042d50,,
vsp-setup-423ed410d7d0dc921415,,
vsp-setup-1e75a39d1961400bfc66,,
vsp-setup-44912f281b37aeee55de,,
vsp-setup-16e51f6b8f4d53496d4d,,
vsp-setup-60fe2a83ef96ef386286,,
vsp-setup-892b67fdd963a48ce591,-1.0,-1.1
vsp-setup-99b9f37527601871d070,-1.0,-1.1
vsp-setup-4991932cb546abd94341,1.708997385670154,1.6089973856701538
vsp-setup-ae3f7885e131973655b2,1.8125048797814314,1.7125048797814313
vsp-setup-032b0e7d49417df5750c,-1.0,-1.1
vsp-setup-088810f355624d9943c2,,
vsp-setup-fb964ccaa3d2ae2e6593,-1.0,-1.1
vsp-setup-3d1bb0dfc220844258c1,,
vsp-setup-a88e007e4eda68a98fbe,,
vsp-setup-980953b142952aec7016,1.8635987890626242,1.7635987890626241
vsp-setup-3c3314963ec1b68cb48f,1.8638082646491665,1.7638082646491664
vsp-setup-fbdc534682d75506c69b,-1.0,-1.1
vsp-setup-fd49645b955a1a01368c,,
vsp-setup-68212a70ffa18c997f7e,1.7598435379016608,1.6598435379016607
vsp-setup-01b422ef76d32bbe2f55,,
vsp-setup-dd5d26f816628130acda,-1.0,-1.1
vsp-setup-e3f0dafae1a9ceb37e75,,
vsp-setup-a4cf4bf4f1c35d3e6d8b,-1.0,-1.1
vsp-setup-d6e23e030760e2f18681,,
vsp-setup-a27d4584cf1a74beb4f4,,
vsp-setup-2887d28d58d6f1016d5b,,
vsp-setup-0c26b9a011bf030c58cf,-1.0,-1.1
vsp-setup-c8c42bd9b4c88194fb40,-1.0,-1.1
vsp-setup-59001e570a5434477ac2,-1.0,-1.1
vsp-setup-d3dafed0eedd8c92c493,-1.0,-1.1
vsp-setup-072f83f9d2efe90fe4ba,1.7008737507976048,1.6008737507976047
vsp-setup-36916d2e7d736a9e6485,2.1724696656620166,2.0724696656620165
vsp-setup-3517e291cdea66cbe75e,1.9506362379374034,1.8506362379374033
vsp-setup-d663f70bac416c18db6f,-1.0,-1.1
vsp-setup-9a41e07f119a017e0d56,,
vsp-setup-486c423403dbfba1928a,-1.0,-1.1
vsp-setup-f20af94b15dc119727fd,,
vsp-setup-552df2b834c498a1c23c,,
vsp-setup-3c49c635aaaca765edb0,,
vsp-setup-d594260b30b70002d593,-1.0,-1.1
vsp-setup-1833534e9f43e5c3dfae,,
vsp-setup-a0bc0acc30b75db1736b,-1.0,-1.1
vsp-setup-37485891755dda063dc2,-1.0,-1.1
vsp-setup-c42f26d4da5751b8d33c,,
vsp-setup-f9a2be690990026ac0a9,,
vsp-setup-0843c0402fdd3b01ff74,,
vsp-setup-45c65e86db4026395784,-1.0,-1.1
vsp-setup-d0fd2885c41aeaa695e7,,
vsp-setup-547c12b1b61c6d70f2a5,,
vsp-setup-7576023e1eb5ccb252c4,1.6384104329070417,1.5384104329070416
vsp-setup-6c9e38818e87a4ca9575,-1.0,-1.1
vsp-setup-a4f2ef50441769de94a8,,
vsp-setup-6d57a59d8e5c853c6381,1.7917021941675,1.6917021941675
vsp-setup-5e6283e85d8ee06f8a79,,
vsp-setup-571c75f52c459fa06418,,
vsp-setup-e9616fb3dac450764a10,1.8362998304274267,1.7362998304274266
vsp-setup-f32af67a9811f36de7fb,,
vsp-setup-9536edbde9a7d38b220f,3.265209897771201,3.165209897771201
vsp-setup-a207034df5029e0d88a1,,
vsp-setup-b555c467e379b5f1a973,,
vsp-setup-539fc5414c97fca16ebc,3.2016828876378405,3.1016828876378404
vsp-setup-34f6122b5afccdb07ed8,-1.0,-1.1
vsp-setup-531382efdbccdae60d21,,
vsp-setup-24d5f1451d4b4498271f,,
vsp-setup-410a650d634b0b38b98b,,
vsp-setup-2339e9efaac349015708,-1.0,-1.1
vsp-setup-5ef65237e7fcad00f02f,,
vsp-setup-1ec26fdfa3400216faa3,3.353380410434052,3.253380410434052
vsp-setup-d2c54b7aa3549a993f2a,-1.0,-1.1
vsp-setup-e41d32f06914352cb324,2.241388757463257,2.141388757463257
vsp-setup-5dba802675d66c7b4624,,
vsp-setup-aeee9de8da78a2fc2f1e,,
vsp-setup-4a95c77170d311449b37,,
vsp-setup-6a713cd319c6bdf09091,-1.0,-1.1
vsp-setup-1e18067630488d38ce66,-1.0,-1.1
vsp-setup-5bf1c6f2f93fbf8688c6,-1.0,-1.1
vsp-setup-c81aa578547cc4ce3397,-1.0,-1.1
vsp-setup-9472cd95bcbab15683b3,,
vsp-setup-35cc2542707faa260253,,
vsp-setup-60e093cf2c4756251bb3,,
vsp-setup-6455881a302f7564fcac,,
vsp-setup-2d38ff427ab3a64a43ce,,
vsp-setup-12aea054e9a45c1642ce,,
vsp-setup-62322e7655353a98babb,-1.0,-1.1
vsp-setup-2f4e254993682309f427,2.1048840091971863,2.0048840091971862
vsp-setup-54bd79e93525552acbd8,,
vsp-setup-177108b1e517ee6aff4a,4.819946176509922,4.719946176509922
vsp-setup-cc86a1cb396ee51bae65,-1.0,-1.1
vsp-setup-e8e014db7f2da542d83a,-1.0,-1.1
vsp-setup-43c197ad44a9910c6963,,
vsp-setup-63fc05be03b4ebbd7843,,
vsp-setup-ec6c16a3b434d255d002,,
vsp-setup-85d508d85a21c67f9cc0,-1.0,-1.1
vsp-setup-52e29d95de57f44b34ac,,
vsp-setup-f6d208caa26c4568973e,1.529723824750957,1.429723824750957
vsp-setup-513a2763f2f86f346b00,,
vsp-setup-277c7cd193df38c913dd,-1.0,-1.1
vsp-setup-18c1fdc9884676beb94e,,
vsp-setup-25b46f0f9460b930b09f,,
vsp-setup-283f53646c6e89ded30a,-1.0,-1.1
vsp-setup-3a1ea8293203b5c916f9,,
vsp-setup-5826ac39cb6716e048c4,,
vsp-setup-3b5a7b3ce322383b65cb,-1.0,-1.1
vsp-setup-5294d40d9490055b1251,2.1526920013677855,2.0526920013677854
vsp-setup-082bcb41e5342b8f5e9c,-1.0,-1.1
vsp-setup-d250986e38cec62293a8,-1.0,-1.1
vsp-setup-71b15e755339def1f37d,-1.0,-1.1
vsp-setup-896217cb7689fc691990,,
vsp-setup-535e8ea949122949e75a,,
vsp-setup-dbcaaba5fef0d516cda7,,
vsp-setup-117e0fbf7f71ecfc5282,-1.0,-1.1
vsp-setup-e83881972182bcb99c26,-1.0,-1.1
vsp-setup-b762753af6ea4489adef,-1.0,-1.1
vsp-setup-f8a2943f028b716c5c28,-1.0,-1.1
vsp-setup-72e9918ef520eb08482e,1.9366724102170463,1.8366724102170462
vsp-setup-b5e82b6404df09da5a8e,,
vsp-setup-c5f220697e7190968f15,,
vsp-setup-395110a9c67ff7866508,-1.0,-1.1
vsp-setup-cc5e28fafb661698494f,,
vsp-setup-1a19edc6d4b535f512e8,-1.0,-1.1
vsp-setup-f03e3677bc6f9406ca0a,,
vsp-setup-b73dde46c4fee5ff776d,,
vsp-setup-22ad5008861e0fe6c7fe,-1.0,-1.1
vsp-setup-c5ab9ba3c78d572abe3e,,
vsp-setup-93528a82c6350f9ee606,,
vsp-setup-53190bf87a56526c002f,-1.0,-1.1
vsp-setup-6028e72869375db3515a,1.8831827186166568,1.7831827186166567
vsp-setup-7775499a4922a8b7e5d9,,
vsp-setup-ca49e532fefcf3583704,,
vsp-setup-4ab1f2fd0553b93317bf,,
vsp-setup-ee777b51652de1861215,-1.0,-1.1
vsp-setup-6314440977b3de0a685e,1.9362289416680594,1.8362289416680593
vsp-setup-d5f63f522e878607fc79,-1.0,-1.1
vsp-setup-fed21d4a022e37f93557,-1.0,-1.1
vsp-setup-22bdfa5fa46ac459af0f,1.6477186290521453,1.5477186290521452
vsp-setup-b3ece03d6124fb66d0cf,-1.0,-1.1
vsp-setup-21fe8983f6dd29fe4bd5,-1.0,-1.1
vsp-setup-b00dd372942a591fb205,,
vsp-setup-667b853a7436fcb2400c,-1.0,-1.1
vsp-setup-e7d3a307ca0532399a90,2.3399937083724067,2.2399937083724066
vsp-setup-4286050b6af86b9ab584,2.771681778099996,2.671681778099996
vsp-setup-67a1fe83fa087f6f50a3,1.6152229968740037,1.5152229968740036
vsp-setup-59e60aaae4da92aad0db,-1.0,-1.1
vsp-setup-e3bfc0ec5a50e1d8f8b8,-1.0,-1.1
vsp-setup-fa9681a7cf0a529433b2,-1.0,-1.1
vsp-setup-60c06953bd4832f3d9f3,,
vsp-setup-643896f94a5f50c819d3,1.5429567752945035,1.4429567752945034
vsp-setup-8a59271903da1e007370,,
vsp-setup-66f22e65fb20fc998c5b,,
vsp-setup-bc5df14647b918bfb330,,
vsp-setup-0eeef470a46251d6b33c,,
vsp-setup-a1549e2fdfc67b7ef49f,-1.0,-1.1
vsp-setup-93ef090837ffa5f4af0b,,
vsp-setup-5b522fed8882cca437ca,1.6084444486204197,1.5084444486204196
vsp-setup-56d04eb96deed6c2d45b,-1.0,-1.1
vsp-setup-cc71e17ad7f70c9c2eae,,
vsp-setup-ca5dc639c4e39b0a5c00,-1.0,-1.1
vsp-setup-02b7bc2007a3a8fe7520,2.536457606419788,2.436457606419788
vsp-setup-61e5c6c1ab6c6af409ea,,
vsp-setup-07b499ec464811e1e3be,2.5367469325166825,2.4367469325166824
vsp-setup-ab2ce428d81c00209a5d,-1.0,-1.1
vsp-setup-aaa299103c43a0cc0541,,
vsp-setup-2db1fe7816baf0bcf4d2,-1.0,-1.1
vsp-setup-47e7af679fbd860c4a16,-1.0,-1.1
vsp-setup-a4236191c164c72deb0b,-1.0,-1.1
vsp-setup-5aee378ec0bc324547bd,,
vsp-setup-838c48de50c1aff6e2e3,-1.0,-1.1
vsp-setup-383871b98987f0c12a18,1.7631344247079241,1.663134424707924
vsp-setup-ff25901e77cd3f70a50c,1.9494222816093674,1.8494222816093673
vsp-setup-1810824d68fe626216b1,,
vsp-setup-ef7645821b206fc10dbe,-1.0,-1.1
vsp-setup-7b5e34ed68e06069f9ff,,
vsp-setup-fb39b3961351fa2ff48f,-1.0,-1.1
vsp-setup-c2778a5afe325fab3f2f,4.952619382681762,4.8526193826817625
vsp-setup-6c3946a40ed5643b9170,,
vsp-setup-c8c4726cd72d6231c0c3,,
vsp-setup-830109ae147aa97b93dd,0.0,-0.1
vsp-setup-adc976e9bfe6ca95a78a,,
vsp-setup-d28433d056dc944a6e44,,
vsp-setup-bbabd9d2b68b007748ac,,
vsp-setup-eb1a3bec6e697d121903,,
vsp-setup-d8fd38b11fdca3468718,-1.0,-1.1
vsp-setup-2abf5eee18c60fbbbd42,1.9169502456101695,1.8169502456101694
vsp-setup-ac0a815952595517e9f2,,
vsp-setup-1527d4aae1c3b156c89b,-1.0,-1.1
vsp-setup-49ab00d82a8dd3aeaa9e,-1.0,-1.1
vsp-setup-5800ae2b0ad669d3d10d,,
vsp-setup-e2dabffa6f5d2438c871,-1.0,-1.1
vsp-setup-1d6808f3e0507a6f2651,,
vsp-setup-ed4248dede1d86927f8f,-1.0,-1.1
vsp-setup-38decee398da66df0715,,
vsp-setup-bd1ca36bf422a6c58a29,,
vsp-setup-1c081a786b7c3e8147ee,-1.0,-1.1
vsp-setup-7dd60679742f38906b9f,-1.0,-1.1
vsp-setup-02efbeabfd5db1fb2f13,,
vsp-setup-10f65db368b7f144b282,1.8834649392910396,1.7834649392910396
vsp-setup-a397a8d89518d3eeb559,1.905796670702579,1.805796670702579
vsp-setup-a3983a71cdbdb45261b6,,
vsp-setup-69119de168514758aec6,-1.0,-1.1
vsp-setup-e6ec9b8614e32cf3af67,,
vsp-setup-1aaf73be66d7bfca28c1,-1.0,-1.1
vsp-setup-f916d6d767b8892d4f87,-1.0,-1.1
vsp-setup-d449738a176263f41b60,,
vsp-setup-dfdee4613c5100bf7397,,
vsp-setup-d02016253f27efa3455e,,
vsp-setup-16dd76a95d804c9e04aa,,
vsp-setup-9796dd4d471ec999e6fd,-1.0,-1.1
vsp-setup-27a27569d593328d4bdb,,
vsp-setup-42f33c31b0fcc265c262,,
vsp-setup-fb0e7ad95b781f6655f2,-1.0,-1.1
vsp-setup-c16001e307cb11218732,,
vsp-setup-86c2d7b7f60d31a2db51,,
vsp-setup-cd90239994470ac595e9,,
vsp-setup-1a806ed1f815c942429e,,
vsp-setup-db995203289286badd4b,-1.0,-1.1
vsp-setup-c9b130f0f19476d1c30e,,
vsp-setup-727b722f0ecef32eda7e,-1.0,-1.1
vsp-setup-7c198690fbd5a1d8da1e,,
vsp-setup-b34e1105a2a8c8040947,,
vsp-setup-21c97257517af14db20c,1.7742464637669604,1.6742464637669603
vsp-setup-fecbc9058b2c418b77f6,-1.0,-1.1
vsp-setup-c29d86f9f3f05a1c49f5,2.3827619849191026,2.2827619849191025
vsp-setup-436ce4da12159aa59c9f,,
vsp-setup-165fbafc61aa890e7aa6,,
vsp-setup-6daca9748b3ddcd746b0,1.543354835102763,1.443354835102763
vsp-setup-45b9a10f9112f879024f,1.5406886846918293,1.4406886846918292
vsp-setup-c719619cb752995f47c9,1.6240909496658746,1.5240909496658746
vsp-setup-9c72cb922b732c993252,-1.0,-1.1
vsp-setup-3fba2e96bb70754d7f8d,,
vsp-setup-7ddc7827589073cb6ffe,,
vsp-setup-fe8e11ac4d1e507a5089,1.6623742836796298,1.5623742836796297
vsp-setup-5c550c5eea3f72ca38f7,,
vsp-setup-148fa48795e3cabede63,2.01664833476828,1.9166483347682801
vsp-setup-eb73a2fbcf1f2bea51bf,,
vsp-setup-3cb2f5e8c6651471d861,,
vsp-setup-2ea6b811d7ba3c109138,-1.0,-1.1
vsp-setup-b02a9e3dfdec6b9f66e2,-1.0,-1.1
vsp-setup-c95d539a2883502fa52c,-1.0,-1.1
vsp-setup-e5cc84eeca6b8b871aa8,,
vsp-setup-04b96a5e07565081744f,-1.0,-1.1
vsp-setup-7afa0d071c0aed323740,,
vsp-setup-ccd00e2a9793afd7f0a3,1.5595917375847286,1.4595917375847285
vsp-setup-a270e381746b24233e4d,,
vsp-setup-507d077081564f2f2318,-1.0,-1.1
vsp-setup-8736c2f4d9fc770ea32a,,
vsp-setup-13373c4cd3882c77191e,-1.0,-1.1
vsp-setup-8e0dc319afbf0e078c53,,
vsp-setup-29f529e3994b29a625af,,
vsp-setup-f0063e174c7bf7eb5abc,,
vsp-setup-e7350ff5f07839934f0b,,
vsp-setup-b39f7298ac3812cb5e75,-1.0,-1.1
vsp-setup-dcd2ea66e9b6cc043294,2.817074328694788,2.717074328694788
vsp-setup-97448d109f34f5c97ae0,1.6347456303066572,1.5347456303066571
vsp-setup-002c96ba232e1af067a7,,
vsp-setup-6e47e593bf7364d7ce04,,
vsp-setup-853aac7ca04984771e81,,
vsp-setup-48b3583dfc5bc1556ad8,,
vsp-setup-3b4b8f5bf9c08ee31f7f,,
vsp-setup-8ff28d35c82788f22b15,-1.0,-1.1
vsp-setup-ec8e364869add806b6b4,,
vsp-setup-68e955ca13441003fa87,,
vsp-setup-3fd7969523a18a48820c,,
vsp-setup-852e262d8706d834633e,4.502354584205333,4.402354584205334
vsp-setup-e42be99585fab834ebed,-1.0,-1.1
vsp-setup-db86bf01d47912f90f97,-1.0,-1.1
vsp-setup-0eac4bcd9e122cf75e00,-1.0,-1.1
vsp-setup-0f5c65d2e0e4a2271ce9,-1.0,-1.1
vsp-setup-662ac0b61aaa322b32a5,-1.0,-1.1
vsp-setup-ec12adf3059442468552,1.752732430900338,1.652732430900338
vsp-setup-32dd0485f71652e7d5c3,1.5388098462726456,1.4388098462726455
vsp-setup-cce2d730145caddbbee9,-1.0,-1.1
vsp-setup-cb672e570f809d46cf4d,,
vsp-setup-8a5ea12f8b2116c14904,,
vsp-setup-87a366fb44d160317b65,-1.0,-1.1
vsp-setup-9fde6048ccf99a9e1fca,,
vsp-setup-8e9a2165abe09cf1cd8c,,
vsp-setup-711b4d38403d214b0f3d,1.6585229273516287,1.5585229273516286
vsp-setup-204fbf13253f2d35a0aa,,
vsp-setup-dfd0593829bb3f8fde33,1.7806673501422972,1.680667350142297
vsp-setup-5b13d4597458ea055ffe,1.7820933002471482,1.682093300247148
vsp-setup-02d394b640f9a1ad98b9,2.2910347189276226,2.1910347189276225
vsp-setup-abffc83e5072319ea7d2,1.56114834155787,1.4611483415578699
vsp-setup-e0699693c6d7e4a1ff08,,
vsp-setup-a0d03eb79ce109cf839c,2.7286886524582736,2.6286886524582735
vsp-setup-bc02d03d7de9df5d5b12,-1.0,-1.1
vsp-setup-4eae22d92cf3d789e441,-1.0,-1.1
vsp-setup-6cdcaba3c1b91456ccb5,-1.0,-1.1
vsp-setup-5506b93cc6f4e3d2a7ba,-1.0,-1.1
vsp-setup-bbde51bfdf92c614a16b,2.6603357294049053,2.560335729404905
vsp-setup-11e64337d82e2defc9e4,,
vsp-setup-e3398fe0071ae025b9e9,,
vsp-setup-7994119348ab3582d15a,2.335972563990478,2.2359725639904777
vsp-setup-31e94d1afa6781081dd3,,
vsp-setup-b36fa28d2322e6e4f75a,,
vsp-setup-77cd623105d4057261ac,,
vsp-setup-2a24775e712ff572ab4a,-1.0,-1.1
vsp-setup-d4b700aabe385dc69149,,
vsp-setup-b59af3dc07c5fb26ece6,1.8992122512236715,1.7992122512236715
vsp-setup-0cbe434e6c51cdf81507,-1.0,-1.1
vsp-setup-a029f9ed88b96946d7f9,-1.0,-1.1
vsp-setup-b2544f0b275cf20b0ffb,-1.0,-1.1
vsp-setup-f588c2db56b00d96c19f,-1.0,-1.1
vsp-setup-650c04f2355d727d9e67,1.6726248436990176,1.5726248436990176
vsp-setup-4fc8aedd04cce718763f,2.6454959638791435,2.5454959638791435
vsp-setup-6229272d4ce49137d209,3.3225678900679174,3.2225678900679173
vsp-setup-8cab5d1671a1a36ca6ec,,
vsp-setup-574bfa595776437f86eb,-1.0,-1.1
vsp-setup-6d272fd24a25832b9758,-1.0,-1.1
vsp-setup-b59737371fd9369ec395,,
vsp-setup-480bf271715e7806ee51,,
vsp-setup-3a1a22f72cf3548ac6dd,,
vsp-setup-eb1034c469fc0c6b9bc0,,
vsp-setup-2172fa81ce5778cd7c2d,,
vsp-setup-fa45bd9212833f4d7582,,
vsp-setup-62cf03360d9f96fcba41,,
vsp-setup-9e36611ebd47dd1d4613,1.6474854245179322,1.5474854245179321
vsp-setup-6649c674742455de23d0,-1.0,-1.1
vsp-setup-983788d3149b16ca163f,,
vsp-setup-23c5bd635d9ebe808955,-1.0,-1.1
vsp-setup-7013b506bdc2e060d2e6,,
vsp-setup-f00a469dc83264a95962,,
vsp-setup-2d1810431dd61e97c104,,
vsp-setup-a72acd1c839c735ce71d,,
vsp-setup-920bf9edef502cebc4ef,-1.0,-1.1
vsp-setup-c9c4f5537d067bff3258,,
vsp-setup-486fb5087c47cd6a6998,,
vsp-setup-544a35e3dccc1dfe6a20,,
vsp-setup-ccede342894dcdabe89d,-1.0,-1.1
vsp-setup-5cb50a8dfd09835b1d09,-1.0,-1.1
vsp-setup-08ad540300cf5aa7a6e7,-1.0,-1.1
vsp-setup-5f5b5a18143fb2730d04,-1.0,-1.1
vsp-setup-2fbc8586517b8c34ff65,-1.0,-1.1
vsp-setup-0dce8fd0e7dee1144fbb,-1.0,-1.1
vsp-setup-869dd698172ed1802b29,,
vsp-setup-e6b6cd3adfaf4e72ccf5,-1.0,-1.1
vsp-setup-b7019671b225e313c54c,-1.0,-1.1
vsp-setup-8809cfdac7d0f78311c5,-1.0,-1.1
vsp-setup-710a290adcf831823082,,
vsp-setup-a3cb3a997b27cc886bed,3.3649753722114686,3.2649753722114685
vsp-setup-60b2e23bc2d62b03ddb1,-1.0,-1.1
vsp-setup-39397e5b7ee9ab707008,,
vsp-setup-f69549cc6cabbae6270c,3.1222576620463,3.0222576620462998
vsp-setup-f50af5ca1a2c6e1c65c5,,
vsp-setup-9a4ab8a3141ef24846c9,1.9875177897185734,1.8875177897185733
vsp-setup-59737214ad1f4850c9cb,,
vsp-setup-301e90558d6d9f6170e9,,
vsp-setup-2ba0ad45646fe16d2117,0.0,-0.1
vsp-setup-d5c39a66bc5317ae63af,,
vsp-setup-5adf7ffc083c82e61856,1.5888687379505222,1.488868737950522
vsp-setup-a3a2100ccef950f6cfb7,-1.0,-1.1
vsp-setup-fcccd86a96209171ba63,-1.0,-1.1
vsp-setup-2e0efc5d29f3297b944f,-1.0,-1.1
vsp-setup-ec06331e5fbfde7a4bf2,,
vsp-setup-28465aaac8918c970e97,,
vsp-setup-a9c278e6bfa6a067873a,-1.0,-1.1
vsp-setup-7fdc39980db4369b0ca6,,
vsp-setup-b9c938f05cc1091f6595,-1.0,-1.1
vsp-setup-dcd647cb90f9cb37ec6b,-1.0,-1.1
vsp-setup-00c4430e2eada57b478b,2.2816158045813806,2.1816158045813805
vsp-setup-a00399e44ebcda3950a9,-1.0,-1.1
vsp-setup-060301e8102d5eee7851,,
vsp-setup-9058c3c7d1a35ca793e7,,
vsp-setup-9c3784b202901a205036,-1.0,-1.1
vsp-setup-416242ff1e33af3aca12,,
vsp-setup-2b37f672abc72e8066a8,-1.0,-1.1
vsp-setup-62d94d2c819489aca37b,-1.0,-1.1
vsp-setup-2cf7c1030896a81a9798,,
vsp-setup-f196b6bec4dc48623cf9,,
vsp-setup-9d721f041c712d2a3480,,
vsp-setup-33cd9cabc8b85f41b7a8,-1.0,-1.1
vsp-setup-9e6f0ef81a4ca551932c,1.9478201994877358,1.8478201994877357
vsp-setup-4ba3445aa89dd73f8579,1.6407734995978214,1.5407734995978213
vsp-setup-3b09d7f906650c96741f,,
vsp-setup-af4c9472c09e77263cdd,,
vsp-setup-4c52363df3a90bd9ffe1,-1.0,-1.1
vsp-setup-fca47ff5cd9242e430b0,-1.0,-1.1
vsp-setup-93c5d6cbe188b9e47219,,
vsp-setup-49e7280354add2493999,,
vsp-setup-ea6f8bad74d2dfaf2cb4,1.5847819065480355,1.4847819065480354
vsp-setup-e9a25ed1a2ac107d47c6,2.6055556733429386,2.5055556733429385
vsp-setup-81dd59f50c18d79fcc2b,1.8754581104980528,1.7754581104980527
vsp-setup-8b1128947bb5cec3e22f,-1.0,-1.1
vsp-setup-d293fc92da1f003ed640,,
vsp-setup-249d8fa11e31b0d95181,1.751088318822527,1.651088318822527
vsp-setup-9cde7232652c6830b758,,
vsp-setup-05de88b93a7d9619d766,-1.0,-1.1
vsp-setup-9e9da174cb7bdc686864,,
vsp-setup-8480c1c4562ebfcd1b02,1.8359406052628287,1.7359406052628286
vsp-setup-887e3a26ac3145e0708e,,
vsp-setup-1f22bfbf964460f05bb7,1.695261403305301,1.595261403305301
vsp-setup-f30f752a9c2e04891302,,
vsp-setup-79fa9a8ad7a51f5f8b25,,
vsp-setup-c248236e2d3a84583f62,6.782184810169589,6.6821848101695895
vsp-setup-cf2f2194a4644a2e5df6,,
vsp-setup-72f44b67c893529a459a,,
vsp-setup-86e413e27ae66515b17d,2.3916787069129493,2.291678706912949
vsp-setup-b3c1d81a8089bb86468b,1.563551081468208,1.463551081468208
vsp-setup-e961faca64bbd463fa3a,5.230467290917671,5.130467290917672
vsp-setup-0d3a3dc3e35aaee69d0b,4.256861692350548,4.156861692350549
vsp-setup-a7ce1f12c73710a2cb39,3.3592255451657524,3.2592255451657524
vsp-setup-5c9e3779be528aa1fc65,3.2704944878334454,3.1704944878334453
vsp-setup-2829efae1d5f70db102f,,
vsp-setup-0e8109ff1810b83570a7,,
vsp-setup-b6a5ba9ab3d2a79f584c,-1.0,-1.1
vsp-setup-916287bc54fb51b87d42,,
vsp-setup-5c7252cf57cb591b4855,-1.0,-1.1
vsp-setup-1a4ee821336a6ad2c35b,,
vsp-setup-722587297c723cb8becd,-1.0,-1.1
vsp-setup-b4e9629f263c20635bba,,
vsp-setup-4f177477013afe927752,-1.0,-1.1
vsp-setup-5a5d2c688960a4acda9c,-1.0,-1.1
vsp-setup-984d1e42e53fdd59e293,,
vsp-setup-a50b6b99d777c65d6580,3.836501929940967,3.736501929940967
vsp-setup-441a07e95679ddfde9cf,-1.0,-1.1
vsp-setup-d44555af7bbcb9195499,-1.0,-1.1
vsp-setup-7b24fcd574c1874889f8,,
vsp-setup-de3b18c33a6e0b2333c4,-1.0,-1.1
vsp-setup-5a0c225cdb0460a6fb03,,
vsp-setup-5d626c03202245e47c5f,3.1425713737639436,3.0425713737639435
vsp-setup-326921a1c6384b4fe978,,
vsp-setup-0366322214e5b310ec9f,,
vsp-setup-e7b2a5180d7665753f14,-1.0,-1.1
vsp-setup-49c725504f8ea84b4185,-1.0,-1.1
vsp-setup-450ca3b69ced337f8877,-1.0,-1.1
vsp-setup-eab2576716582b721de8,-1.0,-1.1
vsp-setup-2e5a7e7708f7d6a61a71,-1.0,-1.1
vsp-setup-d33fb08bf26f6d1ac674,,
vsp-setup-905dffe937e0bfc8f74a,,
vsp-setup-5e9c6545eba58efbe7d5,,
vsp-setup-a11e5344fdc29873fb07,,
vsp-setup-95b55d92cb35cfcdd88b,,
vsp-setup-ec5936d1056de15eccd0,2.854493512998388,2.754493512998388
vsp-setup-f73d54bc7b18df3d3ebb,,
vsp-setup-72e60f98b90f11c5308e,-1.0,-1.1
vsp-setup-55724398b795961da03e,,
vsp-setup-87173e0d85817ab9f632,,
vsp-setup-1c60e5a6fce95204a8f4,-1.0,-1.1
vsp-setup-3982083ef3ed7d8f6e0d,-1.0,-1.1
vsp-setup-55158b110297d7ebb492,-1.0,-1.1
vsp-setup-ac42cab2c1ae6791b384,,
vsp-setup-f4f31ce47cf5dafb784a,-1.0,-1.1
vsp-setup-1b9b62e3e7c09f30cdf2,,
vsp-setup-bd200b08659756ae5180,-1.0,-1.1
vsp-setup-06f4be9db149b99cbf9d,-1.0,-1.1
vsp-setup-b428233e7a4d8fb5845f,,
vsp-setup-24d05c6daf32e1a56112,-1.0,-1.1
vsp-setup-740174441fdb081bf03f,,
vsp-setup-a7630a201b8efbfed01a,,
vsp-setup-6d8e12da53b3998d609f,-1.0,-1.1
vsp-setup-db326d84ac6d72bdbf12,,
vsp-setup-161e3662e6f8c56ea99b,,
vsp-setup-295f1257b8981445b8da,-1.0,-1.1
vsp-setup-5bf38165f680a57f364d,1.6106211703709177,1.5106211703709176
vsp-setup-763105ecaba64966c0ae,,
vsp-setup-e920a4303448e22325a0,,
vsp-setup-b8cd6b420325277b5822,-1.0,-1.1
vsp-setup-a9cdefaf9ec0e9f1f6f5,1.787471983838389,1.687471983838389
vsp-setup-b6115500d144685fdf49,1.5633419453165809,1.4633419453165808
vsp-setup-b7f143b28f462abf7c2b,1.6286400011097282,1.528640001109728
vsp-setup-28052ba1825da06d02ae,-1.0,-1.1
vsp-setup-eb355d578abe0018b6bc,,
vsp-setup-e7c85622007209d3e264,-1.0,-1.1
vsp-setup-cee97013ed0c0da9f87f,,
vsp-setup-913142a2ea56d430a156,-1.0,-1.1
vsp-setup-49ee92ae5a2017a475dc,,
vsp-setup-97ba1770f60adece0648,-1.0,-1.1
vsp-setup-b6be025e371ef1a2be48,2.055129759276074,1.955129759276074
vsp-setup-c62243809bf4c452933a,1.5660816455598032,1.4660816455598031
vsp-setup-dbc25d64b0240671a835,-1.0,-1.1
vsp-setup-d7fbfbe93b7f48dc5e3b,2.6463571604498664,2.5463571604498663
vsp-setup-d000b739e3e41672ded9,1.964358352629103,1.864358352629103
vsp-setup-ade9b778d0e7b3754805,-1.0,-1.1
vsp-setup-5666575b61061c3290c5,,
vsp-setup-3133fbbbf391eaa429d1,2.541289336858561,2.441289336858561
vsp-setup-071b83c76fdad45a16ea,0.0,-0.1
vsp-setup-c00fc2ae2e3d84844bf4,,
vsp-setup-c54c8f2ba92b67b010fc,0.0,-0.1
vsp-setup-bc3fa12d6c3623e1e69e,,
vsp-setup-9615a4f807b068b49dfa,-1.0,-1.1
vsp-setup-b23e8ae417b801d48257,,
vsp-setup-69e8a0ead8de26f8d578,,
vsp-setup-25878dbe1aa055cfefdd,,
vsp-setup-fb76a37c611f4625f6d5,2.0388553565819403,1.9388553565819402
vsp-setup-e9998fdf9aab9093e783,-1.0,-1.1
vsp-setup-234e7fcc76400d687812,-1.0,-1.1
vsp-setup-7d06ef6d374499f0d7fd,,
vsp-setup-f713eb727aea5196543b,-1.0,-1.1
vsp-setup-c21ce8fb81218227c404,-1.0,-1.1
vsp-setup-eeb709bd29ca4a9c959e,,
vsp-setup-6506d15be97b096fed75,1.505555340600532,1.4055553406005319
vsp-setup-9a3b67e2567bcfd356cc,,
vsp-setup-01d13f7d4c8fd47eaf75,-1.0,-1.1
vsp-setup-ddabd7cd434bbd4070c8,,
vsp-setup-4375eacca754defda0f1,-1.0,-1.1
vsp-setup-489c83eaf469b3945c5e,,
vsp-setup-6318c52ce38156b514cc,,
vsp-setup-f6516dc2a992310df446,,
vsp-setup-aba64c1506511502117f,3.2335423076792007,3.1335423076792006
vsp-setup-391bce2ea56be319fa2e,,
vsp-setup-d80adbd3658cbd35ae30,,
vsp-setup-6542196684faf4e734e9,,
vsp-setup-be70b36470338d5f3291,-1.0,-1.1
vsp-setup-326ef6824c2694cf3fac,1.9160846452171674,1.8160846452171673
vsp-setup-cbf0325c4f10876fb3dc,,
vsp-setup-c423e75e1363732ec41c,-1.0,-1.1
vsp-setup-ebc5a4b4059fe82ea2d7,,
vsp-setup-b5c5a1d5ab1a5cb5348d,-1.0,-1.1
vsp-setup-e4f9c4db145f17e3fe74,-1.0,-1.1
vsp-setup-9fb71257182dd815133a,1.685364708817839,1.5853647088178389
vsp-setup-a8cd936a61c3434382f4,-1.0,-1.1
vsp-setup-a9cfb6737b26f7d0ce6d,-1.0,-1.1
vsp-setup-5778b4fdf943dcc9bb80,-1.0,-1.1
vsp-setup-8c5b8e6cfafc0b696176,-1.0,-1.1
vsp-setup-243ec3bff23174fb4d67,,
vsp-setup-bb692b7252c37ef33096,,
vsp-setup-5ab079af7714ac126508,,
vsp-setup-54ac37d8f0e2a7b0e341,4.183824064822126,4.083824064822126
vsp-setup-f8bf0ac474eae647aefa,,
vsp-setup-03abcc64ef9a4dba6d42,,
vsp-setup-d30ec4a2a7e2be9120b3,,
vsp-setup-79e6a11e65d572c359e3,,
vsp-setup-c88f44b6bfad20529531,,
vsp-setup-d893d3e7a9b3960a6e9f,1.7656486068136816,1.6656486068136815
vsp-setup-d63b12ccda8b4c678cca,,
vsp-setup-b39f593e16560cf0ff28,-1.0,-1.1
vsp-setup-a1ba85a5842ad5e8a77f,,
vsp-setup-6484dd4ae4a82cc5df57,-1.0,-1.1
vsp-setup-bc49d21855e6d6b09993,-1.0,-1.1
vsp-setup-2423ce0ac7ecbeb8b16f,2.7191918162686637,2.6191918162686636
vsp-setup-7d3ba7b3215c756ec917,2.9041217347179087,2.8041217347179086
vsp-setup-138a2bb7a8584f688b6d,,
vsp-setup-4ecbbde6ae37eec21074,,
vsp-setup-cb2977d27431c5d07b63,-1.0,-1.1
vsp-setup-fa1a5ab51d12191f3a02,-1.0,-1.1
vsp-setup-5a29d6e30a5882a4a2e4,,
vsp-setup-92870dc716f021b004ff,,
vsp-setup-712a1d408870dc1ed009,-1.0,-1.1
vsp-setup-c582cc47da39f1c0c33d,-1.0,-1.1
vsp-setup-ba9cb5912e780b207c88,-1.0,-1.1
vsp-setup-024765a675c80accaf61,,
vsp-setup-369eb4e8851097e2f5bd,,
vsp-setup-d7df77cc9d1fa53aebaa,,
vsp-setup-cb38f7288be5f92cf19d,,
vsp-setup-3cfec44b14d9f27166b7,,
vsp-setup-8a62d8aacea12ddd8595,,
vsp-setup-24bfb6cb0a86b67e4f9b,,
vsp-setup-94393ae9c3b7540cdbae,,
vsp-setup-3af252f9beb29b42d739,,
vsp-setup-34f6f677f52b47017041,,
vsp-setup-beb2f8c1abc15e501713,,
vsp-setup-1e3bc5ed22a1f91a776a,,
vsp-setup-b4c2551ca82480cd46e9,1.8063544216147769,1.7063544216147768
vsp-setup-3c229aa11601ecd5ddd8,,
vsp-setup-5963cc49c1904f8dc28b,,
vsp-setup-5d00dc9920c8fc24ba6b,,
vsp-setup-0113ab7ec2327d0cc006,,
vsp-setup-2f3dc7c5a08b0d2ce123,,
vsp-setup-99f0016896d4d9c132d1,,
vsp-setup-56f223a3898994cec570,,
vsp-setup-aeffff772bd07db4aa5a,1.5838914687739687,1.4838914687739686
vsp-setup-b87f0185a9b1f5d3ce5b,-1.0,-1.1
vsp-setup-3b8f222cdccd5e22f505,,
vsp-setup-5ebc64591699fc3cb9c0,2.4505253912024387,2.3505253912024386
vsp-setup-ebb2ed4905418d424cd7,2.0881066099094485,1.9881066099094484
vsp-setup-18bb68887698eeb3c886,,
vsp-setup-83d25112d78e5203633d,-1.0,-1.1
vsp-setup-9f7b725d2a49ce3fc4ae,,
vsp-setup-d9e0b11ab023eec35a42,2.0426935024056876,1.9426935024056875
vsp-setup-a992f295f0e0ad1d112f,1.5327648923721844,1.4327648923721843
vsp-setup-064c9d7600cf656df74a,,
vsp-setup-d6b83af23f04783f4d8d,2.380590157785014,2.280590157785014
vsp-setup-159ed2fad5283894c8bf,,
vsp-setup-65ffe3f12984457e92f0,,
vsp-setup-6b88e83dffbb57c70ca6,,
vsp-setup-dd3afed6509d3a350565,-1.0,-1.1
vsp-setup-cfe55be88c7566896028,,
vsp-setup-5e5face6f1d778255c60,-1.0,-1.1
vsp-setup-8c184579037680587e62,,
vsp-setup-db289fd47b95c6378a19,,
vsp-setup-13e47281f595e39faf69,,
vsp-setup-05e1aaa7df9cc6c0085a,,
vsp-setup-010c43032faabee85d48,-1.0,-1.1
vsp-setup-63e6b3379a040a094315,,
vsp-setup-9cb1bc8ae9fb09232208,,
vsp-setup-fbb4533b136b39676747,-1.0,-1.1
vsp-setup-a01adbe1f257732c4b4e,,
vsp-setup-1cea5ee3791d25897ac9,,
vsp-setup-7d9807ed1b1660a27f3a,,
vsp-setup-51d3cb19131aacd937c2,,
vsp-setup-dd1b2314ef11052d421a,,
vsp-setup-6320ef774b350f5ba8ac,,
vsp-setup-0e2527a732d6f3f1eaa1,,
vsp-setup-492e75bf78b47470cd04,1.5221791102057671,1.422179110205767
vsp-setup-b513bddb67881947e3b3,,
vsp-setup-d5f695471a2e09303c38,,
vsp-setup-df81299cd7827cbfadb4,2.4713689717305716,2.3713689717305715
vsp-setup-018c10daf7de91c5184b,,
vsp-setup-f3fcd510fc571dbf426e,1.9425916140016335,1.8425916140016334
vsp-setup-dfd9a9000e5b3ccdbab2,,
vsp-setup-d372a8273d54568452e5,2.0734904632707902,1.9734904632707901
vsp-setup-bd2778cd5616e347d399,-1.0,-1.1
vsp-setup-2d8c164f1dad36d78473,1.8279198084550548,1.7279198084550547
vsp-setup-12f209f66a3dd52485ec,1.6333971800698233,1.5333971800698232
vsp-setup-380be942ff12b16d2df1,-1.0,-1.1
vsp-setup-d9e1c7d211d7d8b4468d,-1.0,-1.1
vsp-setup-754f2491b8852b4c972e,-1.0,-1.1
vsp-setup-5e4df7340626bdf7d1e5,,
vsp-setup-6bd58af362ea7bff0077,,
vsp-setup-0f3911a73de5fa6e7c97,-1.0,-1.1
vsp-setup-63c157ef5f9572c3011c,-1.0,-1.1
vsp-setup-dd5ded1ebe5a0bd3a8fd,,
vsp-setup-82c870c56989812642d0,-1.0,-1.1
vsp-setup-0d24c6b9675627a68cf2,,
vsp-setup-01c082f6af38a19640e8,-1.0,-1.1
vsp-setup-105356f69349a2f4065c,-1.0,-1.1
vsp-setup-23e2e3ac92b76b9fe353,-1.0,-1.1
vsp-setup-4e8a2f92975cc9cec175,,
vsp-setup-e55f76d6af1d91d6db13,2.022474103227757,1.9224741032277568
vsp-setup-6f0614e961eab6a4f155,1.622536714943555,1.522536714943555
vsp-setup-f77e175bce1dcd9f9c31,,
vsp-setup-9a009303c9f54569fe98,,
vsp-setup-a527ecbe97d8e16b0b3f,,
vsp-setup-70cc7379df583d33c2dd,,
vsp-setup-8d9aaeeaf9d58659aba4,,
vsp-setup-8a55c72046655eaaf07e,,
vsp-setup-f873aa8a4480a4897353,,
vsp-setup-a1cb94bce59acdf97cf3,-1.0,-1.1
vsp-setup-2e266a8a326f1ee8ddcf,,
vsp-setup-1257b7410ba9743378f3,,
vsp-setup-15a3ac54053866a84642,,
vsp-setup-04f8fcfacdb2419aa663,,
vsp-setup-214f2c808a9785709331,,
vsp-setup-1011452aad80ab1564e5,,
vsp-setup-d4a35ed39ef4e84b55a8,,
vsp-setup-2b8d39744435eb3abe66,1.7518530669293022,1.6518530669293021
vsp-setup-351d5cee33d1323a5727,,
vsp-setup-ec8dc6fea43a65caa2dc,2.3288925278049866,2.2288925278049865
vsp-setup-6452f7807d9124a847b3,,
vsp-setup-69d303d06adf8f3e355f,,
vsp-setup-2c20591bf8ab17c0222a,2.2366354060187588,2.1366354060187587
vsp-setup-77b0477301d386338919,-1.0,-1.1
vsp-setup-7db475c0c9fba2406b76,,
vsp-setup-0e71c2c957385e3906ff,,
vsp-setup-5284b7c9337fbe0df63f,-1.0,-1.1
vsp-setup-8658caa4889e2237521f,,
vsp-setup-ecc3c3be3a0ab6c7b6c0,-1.0,-1.1
vsp-setup-472a972fc309adeb2721,-1.0,-1.1
vsp-setup-27f18415d84672e049a0,,
vsp-setup-fbfd696d2bbd08e6c65d,-1.0,-1.1
vsp-setup-ef50ff7ba67724dc273b,,
vsp-setup-fb0e9dff3f52f0fc41dd,-1.0,-1.1
vsp-setup-880dd71bf5ef45789fec,,
vsp-setup-42ee6499be40a3aad227,,
vsp-setup-d5f9c32c1067e634b104,-1.0,-1.1
vsp-setup-5cb2400ea04d1839c257,,
vsp-setup-f96e9d95c69813ca1505,-1.0,-1.1
vsp-setup-4659b4d1dbcc7b9f355a,2.087357818360995,1.9873578183609948
vsp-setup-2080c2ffed7aba3793c3,1.7397583889420516,1.6397583889420515
vsp-setup-cd1e68061989641b1878,-1.0,-1.1
vsp-setup-7c60bc737d3e377e7394,-1.0,-1.1
vsp-setup-378e3a6af2f3131c88e4,-1.0,-1.1
vsp-setup-0b4668e56a3bc227124b,-1.0,-1.1
vsp-setup-4fd61f97ebfd6e49882a,,
vsp-setup-a48a84b8912a47663b11,,
vsp-setup-d64143c22b3e9710822e,-1.0,-1.1
vsp-setup-c6a4cd45a43359dfd3cd,-1.0,-1.1
vsp-setup-a2645c9916df72ffe856,,
vsp-setup-e2ec5927ac5518c974a6,,
vsp-setup-740e995cac3294edb6c6,,
vsp-setup-ec2ba2cdcb7aa4fa8855,-1.0,-1.1
vsp-setup-a5a03a5f390a8fa8893a,-1.0,-1.1
vsp-setup-062cde637cf3bb8a35a3,-1.0,-1.1
vsp-setup-f6cae2080c5e20238799,-1.0,-1.1
vsp-setup-786ff6dab14831400134,,
vsp-setup-2e6a07eaf9b69294b9f7,-1.0,-1.1
vsp-setup-b7721ba3cc80b77a2904,,
vsp-setup-5cfdbcfe6fb727d1ce51,,
vsp-setup-3178eb03a801fca67bc8,-1.0,-1.1
vsp-setup-eba96bb61e9e00370ae1,-1.0,-1.1
vsp-setup-5426cded530bf4194d0b,-1.0,-1.1
vsp-setup-2fd58937685a3908afba,-1.0,-1.1
vsp-setup-4a9a6a4354ac156b296d,-1.0,-1.1
vsp-setup-35fca9ddb68cc5514cc9,,
vsp-setup-3bfbc64eb22cc89ba7ad,,
vsp-setup-c722e35ca2c8e859c6f6,-1.0,-1.1
vsp-setup-9484d3eea4ff43458d1b,-1.0,-1.1
vsp-setup-d3c67cc2073bf8664bc9,1.888756209078986,1.788756209078986
vsp-setup-710f4e9c3932d6a113d0,1.8300905780055203,1.7300905780055202
vsp-setup-e583e805dab698fe4e9f,1.8290579967213352,1.729057996721335
vsp-setup-89d05572054b8b8c986f,1.9790431842577203,1.8790431842577202
vsp-setup-19ee8f8e9a69a2549222,,
vsp-setup-90f799650a1a5426b11f,1.708094492217345,1.608094492217345
vsp-setup-6302db38699ca839a6ea,,
vsp-setup-3136be56b80693648e6b,2.5657254576855952,2.465725457685595
vsp-setup-5b3237cb4e4925714a64,,
vsp-setup-1fce1d81c1044a0ddb96,,
vsp-setup-4c25748e9c28ac4ccafd,,
vsp-setup-8cf355af017f5455381c,,
vsp-setup-3f1cf56b82f64a6603b1,-1.0,-1.1
vsp-setup-273e730e6226e181cd19,,
vsp-setup-e8c82ec5f36e1064cb73,-1.0,-1.1
vsp-setup-c6a7793d8118c77ebef5,-1.0,-1.1
vsp-setup-8483e2a691793227c015,,
vsp-setup-d9740b6475ec08fbcfb3,,
vsp-setup-7000c8553741e5e42526,-1.0,-1.1
vsp-setup-2d44aba0e7ae910b3d94,1.629019943397625,1.5290199433976248
vsp-setup-9b60acd6faf2ec0a1973,,
vsp-setup-ca57f1230c0d0704538a,,
vsp-setup-57ab18cb1cdf542dbc96,-1.0,-1.1
vsp-setup-e0236d9b51e9375e8448,,
vsp-setup-6a784866f1800d5598ab,,
vsp-setup-1d9583fcfc0d5245293e,-1.0,-1.1
vsp-setup-b0db765269206b0bdcf4,-1.0,-1.1
vsp-setup-234a3a65b2ba584a6510,1.856628352254466,1.756628352254466
vsp-setup-672e6e7a906cc2838d71,,
vsp-setup-e3c917785a32310461a2,-1.0,-1.1
vsp-setup-aab1b626f99f354a6ed6,,
vsp-setup-66d2ab1d14748e705c83,-1.0,-1.1
vsp-setup-1bfd0b3181ff0419158d,,
vsp-setup-ffc6fd1d015697d00316,-1.0,-1.1
vsp-setup-b791f344a18a657f786a,,
vsp-setup-db86ed5f4881a1b0e17d,-1.0,-1.1
vsp-setup-d8c9fc0cf1164947870c,,
vsp-setup-5495a3cc6c156954dc59,,
vsp-setup-eccb238581ae62effcc0,2.0969755707003315,1.9969755707003314
vsp-setup-0d9bf27d3d12a67397fa,-1.0,-1.1
vsp-setup-284e75536728be1b0d2b,,
vsp-setup-ee4deb26aee07bf93df0,-1.0,-1.1
vsp-setup-1af14e658b2207a25476,-1.0,-1.1
vsp-setup-da65b1b8b3be2b0ae331,2.205641007677145,2.105641007677145
vsp-setup-6be20a5ca9f1dc0be9e6,2.207763460297343,2.1077634602973427
vsp-setup-cf5b034c19adb0527d40,-1.0,-1.1
vsp-setup-f87ad6a7dcb7559d5f7c,-1.0,-1.1
vsp-setup-461e63b608dfb384527a,-1.0,-1.1
vsp-setup-c0e14cec05e297fe58ee,-1.0,-1.1
vsp-setup-7e645fb426a54575ab7b,-1.0,-1.1
vsp-setup-8d33689de5d38a8cbc40,-1.0,-1.1
vsp-setup-c7d57963b78ced0d1c51,,
vsp-setup-e6bfd9e9fe3effebd901,3.0867039146586825,2.9867039146586825
vsp-setup-59b84f710276014cc520,2.1266642364087414,2.0266642364087413
vsp-setup-9112fcc455384a16f388,-1.0,-1.1
vsp-setup-5aadbae015126e828cca,1.663113572988692,1.5631135729886918
vsp-setup-5540dbb0609262907580,,
vsp-setup-b6351d1e31593d36c5e3,,
vsp-setup-bf6f136ab4b598fca48e,,
vsp-setup-d7bd916057f0188e53c5,-1.0,-1.1
vsp-setup-d323745ec7b16275eb87,-1.0,-1.1
vsp-setup-3638a22c21cc27027d77,,
vsp-setup-319694aa46d9a1c70d8d,,
vsp-setup-5bb566525891a6634d59,,
vsp-setup-5a237d971309c21cebca,,
vsp-setup-a69ef80030751c1272f6,-1.0,-1.1
vsp-setup-81149903ac147acb45a8,,
vsp-setup-becbf2b12012646335d7,,
vsp-setup-6eb3d3b297bc4c288b30,-1.0,-1.1
vsp-setup-007b48a74fc72c414324,-1.0,-1.1
vsp-setup-7047183597e051855527,,
vsp-setup-f0d08f6e9622c78c0842,-1.0,-1.1
vsp-setup-1c0e6ed5d347b5bf2731,-1.0,-1.1
vsp-setup-5eacc2d9868a92580edc,,
vsp-setup-c6b7065c2d5255b290c3,-1.0,-1.1
vsp-setup-c66d4f5699fa497582ba,,
vsp-setup-d1e2a54e089d2a6f5519,,
vsp-setup-ceec3a01613ba124b7d5,1.619875828093441,1.519875828093441
vsp-setup-a8971851ffa4437519ba,-1.0,-1.1
vsp-setup-5e38cf424461d80a1b91,,
vsp-setup-9a9cdb35d857ecf7fd7f,,
vsp-setup-cea1bcf5091c15cee27a,,
vsp-setup-3cae5a2089f2bcf66113,,
vsp-setup-9fa04dfbe284273890b9,-1.0,-1.1
vsp-setup-59e42a1bf1ea8fd11f01,,
vsp-setup-58f738927a8511128caf,,
vsp-setup-310a10a8d223ab9779da,,
vsp-setup-479b4e30139c6e9b8365,,
vsp-setup-e93f55e28fdff3c1ac1b,,
vsp-setup-f41d0e1fd7408c98e53d,2.3213860617516926,2.2213860617516925
vsp-setup-80a369c51ea5185f842a,,
vsp-setup-590186a78d9fd915150d,-1.0,-1.1
vsp-setup-56b3655d358cc7af798b,1.8050808147530129,1.7050808147530128
vsp-setup-d11855e26b104030df9e,,
vsp-setup-1b79dce056ddeeae1f6a,,
vsp-setup-ad507635a598639c3109,-1.0,-1.1
vsp-setup-22c15d521bf5e096602b,2.443699946470406,2.343699946470406
vsp-setup-5d77d02f429e1d6ae671,4.083874654588738,3.9838746545887376
vsp-setup-1dfdb815d82230240b23,,
vsp-setup-6a0fded41b3763440d4e,-1.0,-1.1
vsp-setup-12cd21fc40177e7b5542,,
vsp-setup-263d784f268a46fd5897,1.9913286043961655,1.8913286043961655
vsp-setup-920f324d746b50369d92,,
vsp-setup-b9a06d53d7c199b9e9b8,-1.0,-1.1
vsp-setup-db5a49419eb9d9fa544b,,
vsp-setup-7d4ecc5a601e5d8053f7,-1.0,-1.1
vsp-setup-7e4d0ff14bc334e1e596,,
vsp-setup-8af9c8dcba41b5df7deb,3.8869082337275143,3.786908233727514
vsp-setup-518494d8a145c0093e21,,
vsp-setup-e1c1c118e0f0fbbd5d83,,
vsp-setup-6971b6880e4ab3881467,,
vsp-setup-3e1cd2fbd22957fed2a1,,
vsp-setup-d6e9e8ffdb0bb3ccdf6d,,
vsp-setup-73d93af78c9bb3daf699,-1.0,-1.1
vsp-setup-a2faaec7b7dac4d559c0,,
vsp-setup-bc8f445696e47a98050f,,
vsp-setup-f1dcd5c2150361ad93b4,2.1136725016505524,2.0136725016505523
vsp-setup-35b42e8121c98a9d0b9d,-1.0,-1.1
vsp-setup-4bf9fcf6e776e84987a8,,
vsp-setup-50139754cebaece01720,,
vsp-setup-a87d29f52208acb4cb7a,-1.0,-1.1
vsp-setup-f2c46c78956a567d5395,-1.0,-1.1
vsp-setup-c87fe26cd3549c0c0cc2,-1.0,-1.1
vsp-setup-0a213b3b9418bd1ea81c,-1.0,-1.1
vsp-setup-acdc53a5e26cac52b786,2.112753875044896,2.012753875044896
vsp-setup-48635dadf11cc525f5de,,
vsp-setup-1d62045c82cc70e8d512,-1.0,-1.1
vsp-setup-7ca0b069c808de0b589b,,
vsp-setup-ebcf4e26381939c09f7e,1.8294562628985767,1.7294562628985766
vsp-setup-d23fa2d6d5d47410680f,-1.0,-1.1
vsp-setup-91baf33d795ef4341fa7,-1.0,-1.1
vsp-setup-2e039d60bbbf7716c50f,,
vsp-setup-08f045d5d650048287af,,
vsp-setup-1731ce4ac74b82657eec,,
vsp-setup-1574a9fca0476984e720,,
vsp-setup-a74c73009a15b620b778,,
vsp-setup-47a39345d46a7146734f,-1.0,-1.1
vsp-setup-7f4c63122f1d9f1afbe1,,
vsp-setup-81fa07757edccd6e7b75,,
vsp-setup-c9e1dde739c12601a3e0,1.5622745947577106,1.4622745947577105
vsp-setup-621e1ba44e30e6e5e438,,
vsp-setup-a94b464016dda02d81f3,,
vsp-setup-42ae411e74492655fee0,-1.0,-1.1
vsp-setup-c833cc4f1368cd189b27,-1.0,-1.1
vsp-setup-d01ee2867422179fca74,-1.0,-1.1
vsp-setup-42e3f3fd1dcb887985f3,2.830281735123685,2.7302817351236848
vsp-setup-8e5de0c8f2ffb7923b9d,2.2315255038922985,2.1315255038922984
vsp-setup-32de0511fe685333e9fe,1.6185153246999733,1.5185153246999732
vsp-setup-42c179b90b12fd7d4fe2,,
vsp-setup-f3e7bd2a68950ae68c6c,1.641405071012731,1.541405071012731
vsp-setup-e6c69505be71fac95bea,,
vsp-setup-5c905825ec17aaa83acd,2.0735295412856543,1.9735295412856542
vsp-setup-733ab76fbc69be8b2354,3.39147363686285,3.29147363686285
vsp-setup-53ca3db7bac04b1bc3d7,,
vsp-setup-97794c197c9784c15793,2.375341035240617,2.2753410352406167
vsp-setup-a4cbb821d5731f76c47a,-1.0,-1.1
vsp-setup-d1ef9c8975ed43738cee,,
vsp-setup-06f6369589af9e78add0,1.5244500031409716,1.4244500031409715
vsp-setup-c52aa1ee7c8cbd563848,1.52552680079127,1.4255268007912698
vsp-setup-af9e502c5bf4fd5479ec,,
vsp-setup-27c24d0c556322a87f14,-1.0,-1.1
vsp-setup-151d9d604c11caad11a2,,
vsp-setup-9dffca9f9cf929fb0af5,,
vsp-setup-63b5844a5fcf607d8f3d,-1.0,-1.1
vsp-setup-ac756c8021853bab5aad,-1.0,-1.1
vsp-setup-8b0e43ec7113d58b139e,1.8610720705170545,1.7610720705170544
vsp-setup-6d23132cafb47c800c3d,2.1804500522689008,2.0804500522689007
vsp-setup-8f05e521845c9604ff6c,,
vsp-setup-8dc2a2a67ce2d0f5f206,,
vsp-setup-847ff64ed0c3eb146d64,1.5374119710355818,1.4374119710355817
vsp-setup-d92581ba50acd370be49,,
vsp-setup-f0db6829fe8ea812ab1e,1.7065517380542221,1.606551738054222
vsp-setup-8242453a700ed53a3a4d,,
vsp-setup-7cb7557062aae6d56777,-1.0,-1.1
vsp-setup-bf22954d8eba00e93632,,
vsp-setup-4d03671bddabdf2e7b1d,-1.0,-1.1
vsp-setup-1ee722ae2969b63a7dd7,-1.0,-1.1
vsp-setup-bbf052b6fd30a8e2dd35,-1.0,-1.1
vsp-setup-80c86bc776c81396a42e,,
vsp-setup-89c5aabac37bb54d40be,-1.0,-1.1
vsp-setup-ca2f1aa6849aef707729,,
vsp-setup-1558e88a074c2555aac5,,
vsp-setup-dc551c10592fa0c40659,-1.0,-1.1
vsp-setup-c76d60402e556c2def34,,
vsp-setup-6fad2e776d895ac5d04a,-1.0,-1.1
vsp-setup-e9090d42c20bc7b8b6a2,-1.0,-1.1
vsp-setup-e303b01737f858e343fe,-1.0,-1.1
vsp-setup-cfdd3de180235d5a7e69,,
vsp-setup-5c8a07769d18308528fe,1.8627056296143956,1.7627056296143955
vsp-setup-c98ecd3a110558880a9c,,
vsp-setup-5fcbafe69b4591af2014,1.6709782544955727,1.5709782544955726
vsp-setup-f0ee55ffca6fd5930859,,
vsp-setup-17d884c7f7ebfa0cf504,1.6129120174641953,1.5129120174641952
vsp-setup-5c4cf1affa7b16f071c7,-1.0,-1.1
vsp-setup-70ed1dc1c4bf7f0ed6cc,,
vsp-setup-9b7e5f5fd762079a10db,-1.0,-1.1
vsp-setup-db8ffb54fbe7a323111c,,
vsp-setup-8066b55eb9d3a07263d5,,
vsp-setup-15eb8b43914869e97333,-1.0,-1.1
vsp-setup-54c726c838ed5815652a,,
vsp-setup-cbf2e4d555bfb3b8abd5,-1.0,-1.1
vsp-setup-d9e0a975eb197fb69978,,
vsp-setup-e26b7117c7db428746f6,,
vsp-setup-9c76ac236a9a2f2251fb,-1.0,-1.1
vsp-setup-2b386de896b70eb4f6d0,,
vsp-setup-c6425130f502f34cb64e,,
vsp-setup-347880c471517c535df8,,
vsp-setup-e572d8aec8153d101f73,-1.0,-1.1
vsp-setup-0f35dfda56593e95ebec,-1.0,-1.1
vsp-setup-f1c9f24ef76b1b241e28,-1.0,-1.1
vsp-setup-8e53481c732a04a252b8,,
vsp-setup-66016143c8222fb9e192,-1.0,-1.1
vsp-setup-016d6188553569776d3f,-1.0,-1.1
vsp-setup-f6cd413561fcd02ab8c8,-1.0,-1.1
vsp-setup-6020daea8eecfc7ab544,,
vsp-setup-c5af523fbe2a9ead2917,,
vsp-setup-f4c0373276b95cb272c8,,
vsp-setup-ffb24478d6d8924af88c,,
vsp-setup-72aae90a05c348c009e3,-1.0,-1.1
vsp-setup-acfe7434b057ec130411,-1.0,-1.1
vsp-setup-bad2555467fdd4859f0e,-1.0,-1.1
vsp-setup-99e83de4ad32c040a103,1.6223196954199761,1.522319695419976
vsp-setup-25ff3cb65312eaf9c223,3.9129768392336284,3.8129768392336283
vsp-setup-dbef36f9821bb53384d3,-1.0,-1.1
vsp-setup-ed367468ce1aabe75fc4,,
vsp-setup-a338c370914568159332,,
vsp-setup-dc5ce330684849bb12ec,,
vsp-setup-f8c5a791c85d853baca6,,
vsp-setup-be5c215b6356ee4e7c1f,,
vsp-setup-29b130d896906cc02206,,
vsp-setup-ddb4f6c463241d2f0eab,1.9731255330054671,1.873125533005467
vsp-setup-92811ec478633d315894,-1.0,-1.1
vsp-setup-c4fecaa1b6d773875ff0,,
vsp-setup-1216b5d7d63b88dec726,-1.0,-1.1
vsp-setup-0c050f89c874eb301d84,-1.0,-1.1
vsp-setup-12f8dbc779af551e9c74,,
vsp-setup-486b2650a27dd9e70038,,
vsp-setup-db22f12ff395b7f2791c,-1.0,-1.1
vsp-setup-4867b2973b99fc0051ec,-1.0,-1.1
vsp-setup-0712bb7bda79311d6cff,-1.0,-1.1
vsp-setup-4e3c37ce43208fd2ab3c,,
vsp-setup-99a9be857bdecc581183,,
vsp-setup-41252fb453361c8ca91b,,
vsp-setup-7d664b17a78b5fe2ab8e,,
vsp-setup-ffaba0fe3d8b647384ed,-1.0,-1.1
vsp-setup-962d615064a810b0b14d,-1.0,-1.1
vsp-setup-a1e583eaa74d1de3dec4,-1.0,-1.1
vsp-setup-29c85e964a8d53167843,-1.0,-1.1
vsp-setup-82555b03a19ff9e049aa,-1.0,-1.1
vsp-setup-861739ce2d0969d7edc6,,
vsp-setup-ea099ee2b0337e9832ce,,
vsp-setup-0326a802d587acebbe07,,
vsp-setup-31a92da9ff4cf4e01ceb,-1.0,-1.1
vsp-setup-5562fa9a6947015070db,-1.0,-1.1
vsp-setup-35ad4f3d76f09230af52,,
vsp-setup-b026a1d43af2cdfc8042,,
vsp-setup-7058f9adbe4d9bae3263,-1.0,-1.1
vsp-setup-8af7b260969073cd8fa8,,
vsp-setup-6171c1ec001b428248bd,,
vsp-setup-da6589bf9e7394f70622,-1.0,-1.1
vsp-setup-83b4bbe00529518be7e6,-1.0,-1.1
vsp-setup-535d89f18510bdfd9ae9,,
vsp-setup-3ecdc30324758eaef902,,
vsp-setup-c9189fb134c1ee31f2b3,-1.0,-1.1
vsp-setup-fc7f0de5b1b782823508,-1.0,-1.1
vsp-setup-786170a654c1ba9fdfc0,,
vsp-setup-b3fa777193311f9696b5,-1.0,-1.1
vsp-setup-8e838741fd2318dc26bb,-1.0,-1.1
vsp-setup-29e5a355942400899868,2.0668624329614405,1.9668624329614404
vsp-setup-7396f8bf1bb51248c6e8,2.3633800307273414,2.2633800307273413
vsp-setup-b83af95f8dcddbc153bd,,
vsp-setup-e3186aabd7e94069ac15,,
vsp-setup-2332773fa526e9c8e844,3.333150828969015,3.233150828969015
vsp-setup-0a45083129e3b440838e,,
vsp-setup-0e31f06428041611d075,-1.0,-1.1
vsp-setup-6f2a339ede0141b7e81a,-1.0,-1.1
vsp-setup-4985e676351c6e95e113,,
vsp-setup-0ba9ca63573eafd11ece,-1.0,-1.1
vsp-setup-71250d2aa355bc855ff8,,
vsp-setup-261d2b3efcc8bbe424bc,-1.0,-1.1
vsp-setup-083638a051702e3a2458,,
vsp-setup-b8360554f2853ff9fd53,,
vsp-setup-460e2d0b82621fe15565,-1.0,-1.1
vsp-setup-b26616304d6f6448af64,-1.0,-1.1
vsp-setup-c0f7720213f2d4953309,,
vsp-setup-fe7cb105b5fb512d4878,1.5537449559183576,1.4537449559183575
vsp-setup-c544ceaabcfaeadba55a,,
vsp-setup-17ed90d0c0299bda9345,3.3526948800767906,3.2526948800767905
vsp-setup-4916fd55fe4482859944,,
vsp-setup-7b69d9e1cbcd0ff312ca,,
vsp-setup-39bf6c59ca368f2c48dc,4.684518480432376,4.584518480432377
vsp-setup-e61d62e39846470efd01,,
vsp-setup-f15b9f1a77d9fc5534a0,,
vsp-setup-96a3d0e5f9f3f3b3e103,,
vsp-setup-0ae7ab2b9282cf03156b,,
vsp-setup-2d70fa488837120e9e89,,
vsp-setup-9456e732a481bd5ff24d,2.2722504037811313,2.172250403781131
vsp-setup-3415ac3e22ff8a064825,,
vsp-setup-a113bc4827f0627312da,,
vsp-setup-0ad65d688fe03b55fa47,-1.0,-1.1
vsp-setup-4c81376d73dc50b4cf88,-1.0,-1.1
vsp-setup-14227e43702165b6d52c,-1.0,-1.1
vsp-setup-0714ced337d832941667,-1.0,-1.1
vsp-setup-5a044a5ff3d75f98ae39,,
vsp-setup-5148c358f776e7f963e3,,
vsp-setup-7828c7c0e75fd1ee400f,-1.0,-1.1
vsp-setup-740c85f4009414401b8d,-1.0,-1.1
vsp-setup-360e7a396b6f8dea59d4,-1.0,-1.1
vsp-setup-074881b4de86dffcda90,,
vsp-setup-260181a791f271b65962,,
vsp-setup-776f72ebc738098b9d22,,
vsp-setup-bfff7f31756c2aa68362,,
vsp-setup-6b591833699bcdca6cc0,-1.0,-1.1
vsp-setup-1c31ea4a777a077ef311,1.6848519419466514,1.5848519419466514
vsp-setup-29c77dac3021daf163e9,2.028737030452252,1.9287370304522518
vsp-setup-7a45adb219e0761c1cd9,,
vsp-setup-12736a17fc57435561ad,2.112477923160281,2.0124779231602807
vsp-setup-d9c791b2774cea40dcf5,,
vsp-setup-99cc854e09e4ccebd151,,
vsp-setup-093c28b7ad5e703844b1,3.967474087680855,3.867474087680855
vsp-setup-169c928f53f3d98d3fe8,-1.0,-1.1
vsp-setup-dc398d221d633d21a0bb,,
vsp-setup-5ffccf0ce0bd155bae43,,
vsp-setup-3060f02d3e9f0ad77b57,,
vsp-setup-79d79b24aa85a6e1c360,1.8260202498709766,1.7260202498709765
vsp-setup-387846ab3edc6f813c4d,,
vsp-setup-30ff46e7f1659d504315,1.8110661170953293,1.7110661170953292
vsp-setup-b6672fbcaf69f8113e3f,,
vsp-setup-6161ebb36c0be10d023c,,
vsp-setup-22f09a58a6b88a5460b9,,
